{
    "point":
    [
        118.9352502647,
        32.1231758906,
        -40.0083586844
    ],
    "radius": 829.1757249296
}
